predicted,empirical,count
0.39752973960461213,0.0,1
0.4637471876067733,0.5714285714285714,7
0.5544289467398517,0.6103896103896104,77
0.666682053630195,0.6060606060606061,231
0.7574606591993226,0.8346938775510204,490
0.8610829137558997,0.8729977116704806,1748
0.9295516104614697,0.9197689345314506,1558
