predicted,empirical,count
0.06893805390464389,0.06910569105691057,246
0.12232152373103265,0.42857142857142855,7
0.27691866703848106,0.0,1
0.34208236930310376,0.0,4
0.4502540690102871,0.5,2
0.5449650410523015,1.0,2
0.6635068716478607,0.65,20
0.7618173318395777,0.8818897637795275,127
0.8616552802541732,0.8198581560283688,705
0.947538980911636,0.9449633088725817,2998
