{
  "SVM_kmer": {
    "0": {
      "precision": 0.8414239482200647,
      "recall": 0.4701627486437613,
      "f1-score": 0.6032482598607889,
      "support": 553.0
    },
    "1": {
      "precision": 0.9229555613988956,
      "recall": 0.9862320876650744,
      "f1-score": 0.9535452322738386,
      "support": 3559.0
    },
    "accuracy": 0.916828793774319,
    "macro avg": {
      "precision": 0.8821897548094801,
      "recall": 0.7281974181544179,
      "f1-score": 0.7783967460673138,
      "support": 4112.0
    },
    "weighted avg": {
      "precision": 0.911990828400867,
      "recall": 0.916828793774319,
      "f1-score": 0.9064357415772392,
      "support": 4112.0
    }
  },
  "SVM_onehot": {
    "0": {
      "precision": 0.9212598425196851,
      "recall": 0.4231464737793852,
      "f1-score": 0.5799256505576208,
      "support": 553.0
    },
    "1": {
      "precision": 0.9173146708138932,
      "recall": 0.9943804439449283,
      "f1-score": 0.9542941890252123,
      "support": 3559.0
    },
    "accuracy": 0.9175583657587548,
    "macro avg": {
      "precision": 0.9192872566667891,
      "recall": 0.7087634588621567,
      "f1-score": 0.7671099197914166,
      "support": 4112.0
    },
    "weighted avg": {
      "precision": 0.9178452350048715,
      "recall": 0.9175583657587548,
      "f1-score": 0.9039474473490018,
      "support": 4112.0
    }
  }
}