,pred_0,pred_1
true_0,0.10472972972972973,0.8952702702702703
true_1,0.025,0.975
