,pred_0,pred_1
true_0,0.14814814814814814,0.8518518518518519
true_1,0.007518796992481203,0.9924812030075187
