,pred_0,pred_1
true_0,0.081374321880651,0.918625678119349
true_1,0.01826355717898286,0.9817364428210171
