,pred_0,pred_1
true_0,0.10488245931283906,0.895117540687161
true_1,0.0272548468670975,0.9727451531329026
