,pred_0,pred_1
true_0,0.08445945945945946,0.9155405405405406
true_1,0.017045454545454544,0.9829545454545454
