,pred_0,pred_1
true_0,0.1111111111111111,0.8888888888888888
true_1,0.0,1.0
