,pred_0,pred_1
true_0,0.4042168674698795,0.5957831325301205
true_1,0.2958036717871862,0.7041963282128137
