,pred_0,pred_1
true_0,0.4042168674698795,0.5957831325301205
true_1,0.29514799550393406,0.7048520044960659
