,pred_0,pred_1
true_0,0.3902027027027027,0.6097972972972973
true_1,0.2863636363636364,0.7136363636363636
