,pred_0,pred_1
true_0,0.38155515370705245,0.6184448462929476
true_1,0.30261309356560834,0.6973869064343917
