,pred_0,pred_1
true_0,0.3902027027027027,0.6097972972972973
true_1,0.2872159090909091,0.7127840909090909
