,pred_0,pred_1
true_0,0.379746835443038,0.620253164556962
true_1,0.30373700477662263,0.6962629952233773
