acc,prec,rec,f1,roc_auc,pr_auc,balanced_acc,specificity,mcc,thr,model,split
0.9818417639429312,0.9855072463768116,0.9936305732484076,0.9895522388059701,0.9940947096742156,0.999114604769748,0.9498273348169749,0.9060240963855422,0.9207061618159379,0.4,SVM_kmer,train
0.9455252918287937,0.9490463215258855,0.9894886363636364,0.96884561891516,0.9106913198710074,0.9699347084041489,0.836805128992629,0.6841216216216216,0.763478322197917,0.4,SVM_kmer,val
0.916828793774319,0.9229555613988956,0.9862320876650744,0.9535452322738386,0.8015056955166002,0.9387343755363308,0.7281974181544179,0.4701627486437613,0.5906427525758472,0.4,SVM_kmer,test
0.9948119325551232,1.0,0.994005245410266,0.9969936114242766,0.9980597455389184,0.999725561497554,0.997002622705133,1.0,0.9783173404711262,0.30000000000000004,SVM_onehot,train
0.9615758754863813,0.9602957283680176,0.9963068181818182,0.9779698828778584,0.954177863943489,0.9831338417341267,0.8756871928746929,0.7550675675675675,0.8368435454312648,0.30000000000000004,SVM_onehot,val
0.9175583657587548,0.9173146708138932,0.9943804439449283,0.9542941890252123,0.8421392521925668,0.9560378767821138,0.7087634588621567,0.4231464737793852,0.5917156680656134,0.30000000000000004,SVM_onehot,test
0.8657718120805369,0.8656215005599104,1.0,0.9279711884753902,0.9674392994985727,0.9953774807475784,0.5041322314049587,0.008264462809917356,0.08458071115119707,0.85,QSVM_kernel,train
0.8456375838926175,0.8451178451178452,1.0,0.916058394160584,0.5406459269305756,0.8628033091309472,0.5106382978723404,0.02127659574468085,0.13409411153062686,0.85,QSVM_kernel,val
0.8825503355704698,0.8885135135135135,0.9924528301886792,0.9376114081996435,0.4650657518582047,0.898301785551073,0.4962264150943396,0.0,-0.02900702406626764,0.85,QSVM_kernel,test
