split,acc,prec,rec,f1,auc,pr_auc,balanced_acc,specificity,mcc,thr,model,shots,pflip,pdepol,anchors,S_NOISE
train,0.83125,0.83125,1.0,0.9078498293515358,0.04956836535783904,0.6756834632523252,0.5,0.0,0.0,0.5,QSVM,256,0.0,0.0,,
val,0.8422818791946308,0.8422818791946308,1.0,0.9143897996357013,0.5173349156565229,0.831415435814593,0.5,0.0,0.0,0.5,QSVM,256,0.0,0.0,,
test,0.889261744966443,0.889261744966443,1.0,0.9413854351687388,0.5508290451686679,0.9098094639644918,0.5,0.0,0.0,0.5,QSVM,256,0.0,0.0,,
train,0.85,0.8516129032258064,0.9924812030075187,0.9166666666666666,0.9863547758284601,0.9976035740807186,0.5703146755778334,0.14814814814814814,0.30271422131328013,0.5,QSVM,256,0.01,0.0,96.0,16.0
val,0.8497081712062257,0.8662291771832408,0.975,0.917401764234162,0.672324410703317,0.9055202578893771,0.5398648648648648,0.10472972972972973,0.14929649495567934,0.5,QSVM,256,0.01,0.0,96.0,16.0
test,0.8560311284046692,0.8749052312357847,0.9727451531329026,0.9212346993081426,0.6849159124385774,0.9142630390460444,0.5388138062228708,0.10488245931283906,0.1390573389838603,0.5,QSVM,256,0.01,0.0,96.0,16.0
