split,acc,prec,rec,f1,auc,model,shots,pflip,pdepol
train,0.7818791946308725,0.9326923076923077,0.823030303030303,0.8744365743721829,0.5895652173913044,VQC,256,0.0,0.0
val,0.785234899328859,0.9510204081632653,0.8175438596491228,0.879245283018868,0.5354925775978407,VQC,256,0.0,0.0
test,0.738255033557047,0.9191489361702128,0.7854545454545454,0.8470588235294118,0.5109881422924901,VQC,256,0.0,0.0
train,0.7829977628635347,0.9316005471956225,0.8254545454545454,0.8753213367609255,0.5888098375054897,VQC,256,0.01,0.0
val,0.7785234899328859,0.9506172839506173,0.8105263157894737,0.875,0.5303643724696356,VQC,256,0.01,0.0
test,0.7449664429530202,0.919831223628692,0.7927272727272727,0.8515625,0.5040316205533597,VQC,256,0.01,0.0
