split,acc,prec,rec,f1,auc,model,shots,pflip,pdepol,anchors,S_NOISE
train,0.93125,0.9308176100628931,1.0,0.9641693811074918,1.0,QSVM,256,0.0,0.0,,
val,0.9463087248322147,0.9559322033898305,0.9894736842105263,0.9724137931034482,0.45317139001349527,QSVM,256,0.0,0.0,,
test,0.9228187919463087,0.9256756756756757,0.9963636363636363,0.9597197898423818,0.7337549407114624,QSVM,256,0.0,0.0,,
train,0.925,0.930379746835443,0.9932432432432432,0.9607843137254902,0.9876126126126127,QSVM,256,0.01,0.0,96.0,16.0
val,0.9496644295302014,0.956081081081081,0.9929824561403509,0.9741824440619621,0.46126855600539807,QSVM,256,0.01,0.0,96.0,16.0
test,0.9194630872483222,0.9254237288135593,0.9927272727272727,0.9578947368421052,0.7083003952569169,QSVM,256,0.01,0.0,96.0,16.0
