shots,pflip,pdepol,acc,auc,balanced_acc,f1,mcc,pr_auc,specificity
256,0.0,0.0,0.889261744966443,0.5508290451686679,0.5,0.9413854351687388,0.0,0.9098094639644918,0.0
256,0.01,0.0,0.8560311284046692,0.6849159124385774,0.5388138062228708,0.9212346993081426,0.1390573389838603,0.9142630390460444,0.10488245931283906
