shots,pflip,pdepol,acc,auc,f1
256,0.0,0.0,0.9228187919463087,0.7337549407114624,0.9597197898423818
256,0.01,0.0,0.9194630872483222,0.7083003952569169,0.9578947368421052
