shots,pflip,pdepol,acc,auc,f1
256,0.01,0.0,0.7449664429530202,0.5040316205533597,0.8515625
256,0.0,0.0,0.738255033557047,0.5109881422924901,0.8470588235294118
