shots,pflip,pdepol,acc,auc,balanced_acc,f1,mcc,pr_auc,specificity
256,0.0,0.0,0.6549124513618677,0.5403350495166217,0.5394710300707221,0.7776907410308632,0.058069052244272806,0.8804992633484134,0.38155515370705245
256,0.01,0.0,0.6536964980544747,0.5390566767286867,0.5380049153332076,0.7768025078369906,0.055876817221629654,0.8801316513132387,0.379746835443038
