shots,pflip,pdepol,acc,auc,balanced_acc,f1,mcc,pr_auc,specificity
256,0.0,0.0,0.8606517509727627,0.6769608871785205,0.5315553823508341,0.9242163734955694,0.13344279118374727,0.9086260498425585,0.081374321880651
256,0.01,0.0,0.8560311284046692,0.6849159124385774,0.5388138062228708,0.9212346993081426,0.1390573389838603,0.9142630390460444,0.10488245931283906
