,pred_0,pred_1
true_0,0.007233273056057866,0.9927667269439421
true_1,0.00112391121101433,0.9988760887889857
