,pred_0,pred_1
true_0,0.011824324324324325,0.9881756756756757
true_1,0.0008522727272727272,0.9991477272727273
