acc,prec,rec,f1,roc_auc,pr_auc,specificity,balanced_acc,mcc,thr,tp,tn,fp,fn,support,model,split,M
0.8566666666666667,0.8610169491525423,0.9921875,0.9219600725952813,0.968572443181818,0.9947352756923562,0.06818181818181818,0.5301846590909091,0.16682709279550767,0.49999999999999994,254,3,41,2,300,QSVM_kernel_nystrom,train,128
0.8570038910505836,0.8573866406630912,0.9991477272727273,0.9228548937286801,0.6509837607493858,0.9024178023669944,0.011824324324324325,0.5054860257985258,0.07820278115810649,0.49999999999999994,3517,7,585,3,4112,QSVM_kernel_nystrom,val,128
0.8655155642023347,0.8662280701754386,0.9988760887889857,0.9278350515463918,0.64988514460703,0.9072136843345902,0.007233273056057866,0.5030546809225218,0.04730137205741236,0.49999999999999994,3555,4,549,4,4112,QSVM_kernel_nystrom,test,128
