,pred_0,pred_1
true_0,0.06818181818181818,0.9318181818181818
true_1,0.0078125,0.9921875
