,pred_0,pred_1
true_0,0.0,1.0
true_1,0.007547169811320755,0.9924528301886792
