model,acc,prec,rec,f1,auc
QSVM_kernel,0.9228187919463088,0.9228187919463088,1.0,0.9598603839441536,0.7875098814229249
VQC,0.9228187919463088,0.9228187919463088,1.0,0.9598603839441536,0.5109881422924901
SVM_onehot,0.9228187919463088,0.9228187919463088,1.0,0.9598603839441536,0.7560474308300394
SVM_kmer,0.9194630872483222,0.9225589225589226,0.9963636363636365,0.958041958041958,0.7743873517786563
