model,acc,prec,rec,f1,auc,pr_auc,specificity,balanced_acc,mcc
SVM_onehot,0.9175583657587548,0.9173146708138932,0.9943804439449284,0.9542941890252123,,0.9560378767821138,0.4231464737793852,0.7087634588621567,0.5917156680656134
SVM_kmer,0.916828793774319,0.9229555613988956,0.9862320876650744,0.9535452322738386,,0.9387343755363308,0.4701627486437613,0.7281974181544179,0.5906427525758472
VQC,0.8655155642023347,0.8655155642023347,1.0,0.9279103115630296,,0.8804992633484134,0.0,0.5,0.0
QSVM_kernel,0.8655155642023347,0.8662280701754386,0.9988760887889856,0.9278350515463918,,0.9072191563789374,0.0072332730560578,0.5030546809225218,0.0473013720574123
QSVM_kernel_nystrom,0.8655155642023347,0.8662280701754386,0.9988760887889856,0.9278350515463918,,0.9072136843345902,0.0072332730560578,0.5030546809225218,0.0473013720574123
