model,acc,prec,rec,f1,auc,pr_auc,specificity,balanced_acc,mcc
VQC,0.9228187919463088,0.9228187919463088,1.0,0.9598603839441536,0.5109881422924901,,,,
SVM_onehot,0.9228187919463088,0.9228187919463088,1.0,0.9598603839441536,0.7560474308300394,,,,
SVM_kmer,0.9194630872483222,0.9225589225589226,0.9963636363636365,0.958041958041958,0.7743873517786563,,,,
QSVM_kernel,0.8825503355704698,0.8885135135135135,0.9924528301886792,0.9376114081996436,,0.898301785551073,0.0,0.4962264150943396,-0.0290070240662676
QSVM_kernel_nystrom,0.8655155642023347,0.8662280701754386,0.9988760887889856,0.9278350515463918,,0.9072136843345902,0.0072332730560578,0.5030546809225218,0.0473013720574123
