,pred_0,pred_1
true_0,0.4701627486437613,0.5298372513562387
true_1,0.01376791233492554,0.9862320876650744
