,pred_0,pred_1
true_0,0.4231464737793852,0.5768535262206148
true_1,0.005619556055071649,0.9943804439449283
