{
  "train": {
    "0": {
      "precision": 0.9567430025445293,
      "recall": 0.9060240963855422,
      "f1-score": 0.9306930693069307,
      "support": 1660.0
    },
    "1": {
      "precision": 0.9855072463768116,
      "recall": 0.9936305732484076,
      "f1-score": 0.9895522388059701,
      "support": 10676.0
    },
    "accuracy": 0.9818417639429312,
    "macro avg": {
      "precision": 0.9711251244606705,
      "recall": 0.9498273348169749,
      "f1-score": 0.9601226540564505,
      "support": 12336.0
    },
    "weighted avg": {
      "precision": 0.9816365715420525,
      "recall": 0.9818417639429312,
      "f1-score": 0.9816318252709177,
      "support": 12336.0
    }
  },
  "val": {
    "0": {
      "precision": 0.916289592760181,
      "recall": 0.6841216216216216,
      "f1-score": 0.7833655705996132,
      "support": 592.0
    },
    "1": {
      "precision": 0.9490463215258855,
      "recall": 0.9894886363636364,
      "f1-score": 0.96884561891516,
      "support": 3520.0
    },
    "accuracy": 0.9455252918287937,
    "macro avg": {
      "precision": 0.9326679571430332,
      "recall": 0.836805128992629,
      "f1-score": 0.8761055947573866,
      "support": 4112.0
    },
    "weighted avg": {
      "precision": 0.9443303722483326,
      "recall": 0.9455252918287937,
      "f1-score": 0.9421422656557232,
      "support": 4112.0
    }
  },
  "test": {
    "0": {
      "precision": 0.8414239482200647,
      "recall": 0.4701627486437613,
      "f1-score": 0.6032482598607889,
      "support": 553.0
    },
    "1": {
      "precision": 0.9229555613988956,
      "recall": 0.9862320876650744,
      "f1-score": 0.9535452322738386,
      "support": 3559.0
    },
    "accuracy": 0.916828793774319,
    "macro avg": {
      "precision": 0.8821897548094801,
      "recall": 0.7281974181544179,
      "f1-score": 0.7783967460673138,
      "support": 4112.0
    },
    "weighted avg": {
      "precision": 0.911990828400867,
      "recall": 0.916828793774319,
      "f1-score": 0.9064357415772392,
      "support": 4112.0
    }
  }
}