,pred_0,pred_1
true_0,0.9060240963855422,0.09397590361445783
true_1,0.006369426751592357,0.9936305732484076
