,pred_0,pred_1
true_0,0.6841216216216216,0.3158783783783784
true_1,0.010511363636363636,0.9894886363636364
