,pred_0,pred_1
true_0,1.0,0.0
true_1,0.005994754589733983,0.994005245410266
