model,split,acc,prec,rec,f1,auc,thr
SVM_onehot,train,1.0,1.0,1.0,1.0,1.0,0.1
SVM_onehot,val,0.9798657718120806,0.979381443298969,1.0,0.9895833333333334,0.7622132253711201,0.1
SVM_onehot,test,0.9228187919463087,0.9228187919463087,1.0,0.9598603839441536,0.7560474308300394,0.1
