model,split,acc,prec,rec,f1,auc,thr
SVM_kmer,train,1.0,1.0,1.0,1.0,1.0,0.55
SVM_kmer,val,0.9798657718120806,0.979381443298969,1.0,0.9895833333333334,0.9190283400809717,0.55
SVM_kmer,test,0.9194630872483222,0.9225589225589226,0.9963636363636363,0.958041958041958,0.7743873517786563,0.55
