,pred_0,pred_1
true_0,0.7550675675675675,0.24493243243243243
true_1,0.003693181818181818,0.9963068181818182
