acc,prec,rec,f1,roc_auc,pr_auc,specificity,balanced_acc,mcc,thr,tp,tn,fp,fn,support,model,split
0.9948119325551232,1.0,0.994005245410266,0.9969936114242766,0.9980597455389184,0.999725561497554,1.0,0.997002622705133,0.9783173404711262,0.3,10612,1660,0,64,12336,SVM_onehot,train
0.9615758754863813,0.9602957283680176,0.9963068181818182,0.9779698828778584,0.954177863943489,0.9831338417341267,0.7550675675675675,0.8756871928746929,0.8368435454312648,0.3,3507,447,145,13,4112,SVM_onehot,val
0.9175583657587548,0.9173146708138932,0.9943804439449283,0.9542941890252123,0.8421392521925668,0.9560378767821138,0.4231464737793852,0.7087634588621567,0.5917156680656134,0.3,3539,234,319,20,4112,SVM_onehot,test
