{
  "train": {
    "0": {
      "precision": 0.962877030162413,
      "recall": 1.0,
      "f1-score": 0.9810874704491725,
      "support": 1660.0
    },
    "1": {
      "precision": 1.0,
      "recall": 0.994005245410266,
      "f1-score": 0.9969936114242766,
      "support": 10676.0
    },
    "accuracy": 0.9948119325551232,
    "macro avg": {
      "precision": 0.9814385150812065,
      "recall": 0.997002622705133,
      "f1-score": 0.9890405409367246,
      "support": 12336.0
    },
    "weighted avg": {
      "precision": 0.9950045290263947,
      "recall": 0.9948119325551232,
      "f1-score": 0.9948531936212065,
      "support": 12336.0
    }
  },
  "val": {
    "0": {
      "precision": 0.9717391304347827,
      "recall": 0.7550675675675675,
      "f1-score": 0.8498098859315589,
      "support": 592.0
    },
    "1": {
      "precision": 0.9602957283680176,
      "recall": 0.9963068181818182,
      "f1-score": 0.9779698828778584,
      "support": 3520.0
    },
    "accuracy": 0.9615758754863813,
    "macro avg": {
      "precision": 0.9660174294014001,
      "recall": 0.8756871928746929,
      "f1-score": 0.9138898844047086,
      "support": 4112.0
    },
    "weighted avg": {
      "precision": 0.9619432220507814,
      "recall": 0.9615758754863813,
      "f1-score": 0.9595188327338385,
      "support": 4112.0
    }
  },
  "test": {
    "0": {
      "precision": 0.9212598425196851,
      "recall": 0.4231464737793852,
      "f1-score": 0.5799256505576208,
      "support": 553.0
    },
    "1": {
      "precision": 0.9173146708138932,
      "recall": 0.9943804439449283,
      "f1-score": 0.9542941890252123,
      "support": 3559.0
    },
    "accuracy": 0.9175583657587548,
    "macro avg": {
      "precision": 0.9192872566667891,
      "recall": 0.7087634588621567,
      "f1-score": 0.7671099197914166,
      "support": 4112.0
    },
    "weighted avg": {
      "precision": 0.9178452350048715,
      "recall": 0.9175583657587548,
      "f1-score": 0.9039474473490018,
      "support": 4112.0
    }
  }
}