model,split,acc,prec,rec,f1,auc,thr
VQC,train,0.9228187919463087,0.9228187919463087,1.0,0.9598603839441536,0.5895652173913044,0.1
VQC,val,0.9563758389261745,0.9563758389261745,1.0,0.9777015437392796,0.5354925775978407,0.1
VQC,test,0.9228187919463087,0.9228187919463087,1.0,0.9598603839441536,0.5109881422924901,0.1
