epoch,loss_tr,loss_va
1,0.6309973173969385,0.6297072406883883
2,0.6309934707453958,0.6298889578430317
3,0.6306376821101878,0.6295550611208571
4,0.6309083348058637,0.6295317694116196
5,0.6307075552162176,0.6292426301883915
6,0.6310296043584068,0.6292785457354684
7,0.6312608569935284,0.6302689554658328
8,0.6318843912514825,0.6304652030601772
9,0.6325245876485126,0.6309567129812931
10,0.6312504822585703,0.6302711997821493
11,0.6307539500393884,0.6295540430250749
