acc,prec,rec,f1,roc_auc,pr_auc,specificity,balanced_acc,mcc,thr,tp,tn,fp,fn,support,model,split
0.8654345006485085,0.8654345006485085,1.0,0.9278637232748131,0.5622995729640179,0.8870431436528867,0.0,0.5,0.0,0.05,10676,0,1660,0,12336,VQC,train
0.8560311284046692,0.8560311284046692,1.0,0.9224318658280922,0.5663241899570024,0.8816380964815037,0.0,0.5,0.0,0.05,3520,0,592,0,4112,VQC,val
0.8655155642023347,0.8655155642023347,1.0,0.9279103115630296,0.5403350495166217,0.8804992633484134,0.0,0.5,0.0,0.05,3559,0,553,0,4112,VQC,test
