{
  "train": {
    "0": {
      "precision": 0.0,
      "recall": 0.0,
      "f1-score": 0.0,
      "support": 1660.0
    },
    "1": {
      "precision": 0.8654345006485085,
      "recall": 1.0,
      "f1-score": 0.9278637232748131,
      "support": 10676.0
    },
    "accuracy": 0.8654345006485085,
    "macro avg": {
      "precision": 0.43271725032425423,
      "recall": 0.5,
      "f1-score": 0.4639318616374066,
      "support": 12336.0
    },
    "weighted avg": {
      "precision": 0.7489768749127332,
      "recall": 0.8654345006485085,
      "f1-score": 0.8030052780222037,
      "support": 12336.0
    }
  },
  "val": {
    "0": {
      "precision": 0.0,
      "recall": 0.0,
      "f1-score": 0.0,
      "support": 592.0
    },
    "1": {
      "precision": 0.8560311284046692,
      "recall": 1.0,
      "f1-score": 0.9224318658280922,
      "support": 3520.0
    },
    "accuracy": 0.8560311284046692,
    "macro avg": {
      "precision": 0.4280155642023346,
      "recall": 0.5,
      "f1-score": 0.4612159329140461,
      "support": 4112.0
    },
    "weighted avg": {
      "precision": 0.7327892927977713,
      "recall": 0.8560311284046692,
      "f1-score": 0.7896303909812463,
      "support": 4112.0
    }
  },
  "test": {
    "0": {
      "precision": 0.0,
      "recall": 0.0,
      "f1-score": 0.0,
      "support": 553.0
    },
    "1": {
      "precision": 0.8655155642023347,
      "recall": 1.0,
      "f1-score": 0.9279103115630296,
      "support": 3559.0
    },
    "accuracy": 0.8655155642023347,
    "macro avg": {
      "precision": 0.43275778210116733,
      "recall": 0.5,
      "f1-score": 0.4639551557815148,
      "support": 4112.0
    },
    "weighted avg": {
      "precision": 0.7491171918764857,
      "recall": 0.8655155642023347,
      "f1-score": 0.8031208168416397,
      "support": 4112.0
    }
  }
}