{
  "SVM_onehot_vs_SVM_kmer": {
    "n01": 2,
    "n10": 7,
    "chi2": 1.7777777777775803,
    "p_approx": 0.41111229050722803
  },
  "QSVM_kernel_vs_SVM_kmer": {
    "n01": 15,
    "n10": 6,
    "chi2": 3.0476190476189027,
    "p_approx": 0.2178802838231382
  }
}