{
  "SVM_onehot_vs_SVM_kmer": {
    "n01": 47,
    "n10": 50,
    "chi2": 0.04123711340206143,
    "p_approx": 0.9795925523284622
  },
  "QSVM_kernel_vs_SVM_kmer": {
    "n01": 263,
    "n10": 52,
    "chi2": 139.99999999999955,
    "p_approx": 3.975449735909551e-31
  }
}