{
  "QSVM_vs_SVMkmer": {
    "n01": 10,
    "n10": 4,
    "chi2": 1.7857142857141581,
    "p_approx": 0.40948412515239035
  },
  "VQC_vs_SVMkmer": {
    "n01": 0,
    "n10": 1,
    "chi2": 0.0,
    "p_approx": 1.0
  },
  "SVM1hot_vs_SVMkmer": {
    "n01": 0,
    "n10": 1,
    "chi2": 0.0,
    "p_approx": 1.0
  }
}