split,acc,prec,rec,f1,auc
train,0.9228187919463087,0.9228187919463087,1.0,0.9598603839441536,0.9839964866051824
val,0.9563758389261745,0.9563758389261745,1.0,0.9777015437392796,0.7959514170040486
test,0.9228187919463087,0.9228187919463087,1.0,0.9598603839441536,0.7875098814229249
