model,acc,prec,rec,f1,auc
QSVM_kernel,0.9228187919463088,0.9228187919463088,1.0,0.9598603839441536,0.7875098814229249
SVM_onehot,0.9228187919463088,0.9344827586206896,0.9854545454545456,0.95929203539823,0.7562055335968378
SVM_kmer,0.9194630872483222,0.9225589225589226,0.9963636363636365,0.958041958041958,0.7743873517786563
VQC,0.7315436241610739,0.922077922077922,0.7745454545454545,0.841897233201581,0.5397628458498024
