split,acc,prec,rec,f1,auc
train,0.9228187919463087,0.9228187919463087,1.0,0.9598603839441536,1.0
val,0.9563758389261745,0.9563758389261745,1.0,0.9777015437392796,0.9190283400809717
test,0.9194630872483222,0.9225589225589226,0.9963636363636363,0.958041958041958,0.7743873517786563
