split,acc,prec,rec,f1,auc
train,0.772930648769575,0.9355742296918768,0.8096969696969697,0.8680961663417803,0.6025472112428635
val,0.7449664429530202,0.9523809523809523,0.7719298245614035,0.8527131782945736,0.5543859649122806
test,0.7315436241610739,0.922077922077922,0.7745454545454545,0.841897233201581,0.5397628458498024
