{
  "QSVM_vs_SVMkmer": {
    "n01": 0,
    "n10": 1,
    "chi2": 0.0,
    "p_approx": 1.0
  },
  "VQC_vs_SVMkmer": {
    "n01": 62,
    "n10": 6,
    "chi2": 44.48529411764641,
    "p_approx": 2.1884726296268314e-10
  },
  "SVM1hot_vs_SVMkmer": {
    "n01": 4,
    "n10": 5,
    "chi2": 0.0,
    "p_approx": 1.0
  }
}